All,Visi
None,"Nė vienas"
"Allowed Scopes","Leidžiamos apimtys"
"You need more permissions to delete this item(s): %1.","Jums reikia daugiau teisių, kad galėtumėte ištrinti šiuos įrašus: %1."
"You need more permissions to apply some of the rule updates.","Jums reikia daugiau teisių, kad galėtumėte pritaikyti kai kuriuos taisyklių pakeitimus."
"Please assign this entity to a store view.","Prašome priskirti šio objekto parduotuvė rodinyje."
"You can create orders only in an active store.","Užsakymus galite sukurti tik aktyvioje parduotuvėje."
"Incorrect website ID: %1","Neteisingas parduotuvės ID: %1"
"You need more permissions to access website ""%1"".","Neužtenka prieigos teisių, kad galėtumėte naudotis svetaine „%1“."
"Incorrect store ID: %1","Neteisingas parduotuvės ID: %1"
"You need more permissions to save this setting.","Jums reikia daugiau teisių, kad išsaugotumėte šį nustatymą."
"Role Scopes","Rolės Aprėptys"
Custom,Pasirinktinis
"Read Details","Perskaityti detales"
"Mark as Read","Pažymėti kaip perskaitytą"
"Are you sure?","Ar esate įsitikinę?"
Remove,Pašalinti
"Messages Inbox","Gautos žinutės"
"You have %1 new system messages","Jūs turite %1 naujas sistemines žinutes"
"You have %1 new system message","Jūs turite %1 naują sisteminę žinutę"
"Incoming Message","Gautos žinutės"
close,uždaryti
Notifications,Pranešimai
"The message has been marked as Read.","Pranešimas buvo pažymėtas kaip perskaitytas."
"1 Hour","1 val"
Close,Uždaryti
Message,Žinutė
Actions,Veiksmai
"Manage Shopping Cart","Tvarkyti pirkinių krepšelį"
"Create Order","Sukurti užsakymą"
Back,Grįžti
"Clear my shopping cart","Išvalyti mano krepšelį"
Cancel,Atšaukti
Product,Produktas
Price,Kaina
Quantity,Kiekis
"Last ordered items (%1)","Paskutinės užsakytos prekės (%1)"
Products,Prekės
SKU,"Prekės kodas"
Apply,Pritaikyti
"Add to Order","Pridėti prie užsakymo"
Customers,Klientai
"Shopping Cart","Prekių krepšelis"
"You added %1 to your shopping cart.","%1 įkelta į krepšelį."
"Availability: Out of stock.","Prieinamumas: nėra sandelyje"
"We can't add the item to your cart.","Negalime pridėti šios prekės į jūsų krepšelį."
"You added %1 product to your shopping cart.","%1 įkelta į krepšelį."
"You added %1 products to your shopping cart.","%1 įkelta į krepšelį."
No,Ne
"Apply Coupon Code","Panaudoti kupono kodą"
"Remove Coupon Code","Pašalinti kupono kodą"
"The coupon code ""%1"" is not valid.","Kupono kodas ""%1"" negalioja."
Qty,Kiekis
Subtotal,"Tarpinė suma"
Discount,Nuolaida
Action,Veiksmas
Subtotal:,"Tarpinė suma:"
"Please select","Prašome pasirinkti"
"Move to Wish List","Perkelti į pageidavimų sąrašą"
Reset,"Nustatyti iš naujo"
"SKU: ","Prekės kodas: "
Item,Prekė
"What's this?","Kas tai?"
"Incl. Tax","Su PVM"
"Excl. Tax","Be PVM"
"Edit item parameters","Redaguoti prekės parametrus"
Edit,Redaguoti
"Remove item",Ištrinti
"Add to Cart","Į krepšelį"
Sku,"Prekės kodas"
"View Shopping Cart","Peržiūrėti pirkinių krepšelį"
"Related Search Terms","Susiję paieškos terminai"
"Add New Search Term","Pridėti naują paieškos terminą"
"Missing search engine parameter.","Trūksta paieškos variklio parametro."
"Successful! Test again?","Pavyko! Testuoti vėl?"
"Connection failed! Test again?","Ryšys nutrūko! Testuoti vėl?"
"Enable Search Recommendations","Įjungti paieškos rekomendacijas"
"When you enable this option your site may slow down.","Įjungus šią opciją, galimas svetainės sulėtėjimas."
"Search Recommendations Count","Paieškos rekomendacijų skaičius"
"Show Results Count for Each Recommendation","Rodyti rezultatų skaičių kiekvienai rekomendacijai"
"Enable Search Suggestions","Įjungti paieškos frazių siūlymus"
"Search Suggestions Count","Siūlomų paieškos frazių skaičius"
"Show Results Count for Each Suggestion","Rodyti rezultatų skaičių kiekvienam patarimui"
"Related search terms","Susiję paieškos terminai"
"Did you mean","Ar turite galvoje"
"Search Query","Paieškos užklausa"
Store,Parduotuvė
Results,Rezultatai
Uses,Naudojimų
"Redirect URL","Peradresavimo URL"
"Suggested Term","Siūlomas terminas"
Yes,Taip
Synonym,Sinonimai
"--Please Select--","--Prašome pasirinkti--"
Details,Išsamiau
"View Details","Peržiūrėti detales"
Summary,Santrauka
Status,Būsena
Error,Klaida
"Credit Card Type","Kreditinės kortelės tipas"
"Please Select","Prašome pasirinkti"
"Credit Card Number","Kortelės numeris"
"Expiration Date","Galiojimo data"
"Card Verification Number","Kortelės patvirtinimo numeris"
"Place Order",Užsakyti
Enabled,Įjungta
Title,Pavadinimas
Debug,Derinti
"Sort Order","Rūšiavimo tvarka"
Orders,Užsakymai
Amounts,Sumos
Bestsellers,Perkamiausi
"New Customers","Naujiems klientams"
Customer,Klientas
Guest,Svečias
Total,"Iš viso"
Average,Vidurkis
Views,Peržiūros
Revenue,Pajamos
Tax,Mokesčiai
Shipping,Pristatymas
"Images (.gif, .jpg, .png)","Vaizdai (.jpg, .gif, .png)"
"All Files","Visi failai"
"My Account","Mano paskyra"
"Account Information","Mano Informacija"
"First Name",Vardas
"Last Name",Pavardė
Email,"El. paštas"
"New Password","Naujas slaptažodis"
"Password Confirmation","Slaptažodžio patvirtinimas"
"Your Password","Jūsų slaptažodis"
"Images Cache","Vaizdų podėlis"
Clear,Išvalyti
"Search Index","Paieškos indeksas"
"All Cache","Visi podėliai"
"No change","Jokių pokyčių"
Delete,Ištrinti
Save,Išsaugoti
"Delete %1","Ištrinti %1"
"Delete Store","Ištrinti parduotuvę"
"Save Store","Išsaugoti parduotuvę"
"Edit Store","Redaguoti praduotuvę"
"New Store","Nauja parduotuvė"
"Edit Store View","Redaguoti parduotuvės rodinį"
"New Store View","Naujas parduotuvės rodinys"
Name,Vardas
"Web Site Information","Svetainės informacija"
"Default Store","Numatytoji parduotuvė"
Stores,Parduotuvės
"Create Website","Kurti svetainę"
"Create Store","Kurti parduotuvę"
"Create Store View","Kurti parduotuvės rodinį"
Home,Pradžia
Search,Ieškoti
"Date selector","Datos parinkiklis"
"[ deleted ]","[ ištrinta ]"
"Select All","Rinktis viską"
" [deleted]"," [ištrinta]"
"Add New","Pridėti naują"
Export,Eksportuoti
Submit,Siųsti
"You did not sign in correctly or your account is temporarily disabled.","Prašome patikslinti prisijungimo duomenis, nepavykus prisijungti susisiekite su administratoriumi."
"Order #%1","Užsakymas #%1"
"previous page","ankstesnis puslapis"
Password,Slaptažodis
password,slaptažodis
"Sign in",Prisijungti
"Reload Data","Atnaujinti duomenis"
"Sign Out",Atsijungti
Previous,Ankstesnis
Next,Toliau
Thumbnail,Miniatiūra
"per page","per puslapį"
"Previous page","Ankstesnis puslapis"
Content,Turinys
Settings,Nustatymai
Attributes,Savybės
Country,Šalis
"ZIP/Postal Code","Pašto kodas"
City,Miestas
"Street Address",Adresas
"VAT Number","PVM mokėtojo kodas"
Description,Aprašymas
"<h1 class=""page-heading"">404 Error</h1><p>Page not found.</p>","<h1 class=""page-heading""> 404 klaida</h1> <p>Puslapis nerastas.</p>"
"Page not found.","Puslapis nerastas."
label,etiketė
"Are you sure you want to continue?","Ar tikrai norite tęsti?"
"User Password","Vartotojo slaptažodis"
"FTP Password","FTP slaptažodis"
Type,Tipas
Banners,"Reklaminiai skydeliai"
"Add Banner","Pridėti reklaminį skydelį"
"Save Banner","Išsaugoti reklaminį skydelį"
"Save and Continue Edit","Išsaugoti ir tęsti redagavimą"
"New Banner","Naujas reklaminis skydelis"
"Default Content","Numatytasis turinys"
"No Default Content","Jokio numatytojo turinio"
Rule,Taisyklė
"Start Date","Pradžios data"
"End Date","Pabaigos data"
"Banner Properties","Skydelio savybės"
Active,Aktyvus
Inactive,Neaktyvus
"Applies To",Taikomas
Visibility,Matomumas
Position,Rikiavimas
"This rule no longer exists.","Ši taisyklė nebeegzistuoja."
"Please, enter valid Credit Card Number","Prašome įvesti galiojantį kortelės numerį"
"Please, enter valid Expiration Date","Įveskite galiojančią galiojimo datą"
"Please, enter valid Card Verification Number","Prašome įvesti galiojantį kortelės patvirtinimo numerį"
"Credit Card Information","Kreditinės kortelės informacija"
"Save for later use.","Išsaugoti vėlesniam naudojimui."
Phone,Telefonas
"First name is too long.","Vardas yra per ilgas."
"Last name is too long.","Pavardė per ilga."
Select...,Pasirinkite...
"Order ID","Užsakymo nr."
Month,Mėnuo
Year,Metai
"* Required Fields","* Privalomi laukai"
"Billing Address","Mokėtojo Adresas"
Company,Įmonė
Address,Adresas
State/Province,Rajonas/apskritis
"Zip/Postal Code","Pašto kodas"
N/A,N/D
"Add Selected Products","Pridėti pasirinktus produktus"
Ordered,Užsakyta
Canceled,Atšauktas
"Regular Price","Įprasta kaina"
Availability,Prieinamumas
"In stock",Sandėlyje
"Out of stock","Nėra sandėlyje"
Availability:,Prieinamumas:
Message:,Žinutė:
"Product Name","Prekės pavadinimas"
"Qty Invoiced","Kiekis išrašytoje SF"
"Qty Shipped","Išsiųstas kiekis"
"Incorrect CAPTCHA","Neteisingi paveikslėlio duomenys"
"Incorrect CAPTCHA.","Neteisingi paveikslėlio duomenys."
"Reload captcha",Atnaujinti
"Please type the letters below","Įveskite raides, žemiau"
Day,Diena
"Add Product","Pridėti produktą"
"Add New Attribute","Pridėti naują atributą"
"Visible in Advanced Search","Matoma išplėstinėje paieškoje"
"Go to Home Page","Grįžti į pradinį puslapį"
"Click for price","Tikrinti kainą"
"You added product %1 to the comparison list.","Produktą %1 įtraukėte į palyginimo sąrašą."
"You removed product %1 from the comparison list.","Jūs pašalinote produktą %1 iš palyginimo sąrašo."
"%1 items","%1 įrašai(-ų)"
"Are you sure you want to remove this item from your Compare Products list?","Ar tikrai norite pašalinti šį produktą iš palyginimo sąrašo?"
message,žinutė
name,vardas
"In Stock",Sandėlyje
"Out of Stock","Nėra sandėlyje"
"Compare Products","Prekių palyginimas"
"Print This Page","Spausdinti šį puslapį"
"Remove Product","Pašalinti produktą"
"Add to Wish List","Į pageidavimų sąrašą"
"You have no items to compare.","Jūs nepasirinkote prekių palyginimui."
"Remove This Item","Pašalinti šią prekę"
Compare,Palyginti
"Clear All","Išvalyti viską"
Prev,Atgal
"We can't find products matching the selection.","Nėra jokių prekių, atitinkančių pasirinkimą."
"Add to Compare","Pridėti palyginimui"
"Items %1-%2 of %3","Prekių %1-%2 iš %3"
"%1 Item","%1 įrašas"
"%1 Items","%1 Įrašai(-ų)"
Show,Rodyti
"Sort By","Rūšiuoti pagal"
"More Information","Daugiau informacijos"
OK,Gerai
Adding...,Dedama...
Added,Pridėta
"Add to Wishlist","Pridėti į pageidavimų sąrašą"
"Meta Keywords","Meta Raktažodžiai"
"Add To Cart","Į krepšelį"
"Add To Compare","Pridėti palyginimui"
Ok,Gerai
"Page not found","Puslapis nerastas"
"Disallowed file type.","Neleistinas failo tipas."
"You cannot add ""%1"" to the cart.","Negalite pridėti ""% 1"" į krepšelį."
"Catalog Advanced Search","Katalogo Išplėstinė Paieška"
"Advanced Search Results","Išplėstinės paieškos rezultatai"
"Search results for: '%1'","Paieškos rezultatai: ""%1"""
"Search Settings","Paieškos nustatymai"
"Advanced Search","Išplėstinė paieška"
"Your search returned no results.","Pagal jūsų ieškotą frazę prekių nebuvo rasta."
"Popular Search Terms","Populiariausi paieškos terminai"
Preview,Peržiūra
"My Cart (1 item)","Mano krepšelis (1 prekė)"
"My Cart (%1 items)","Mano krepšelis (%1 prekės)"
"My Cart","Mano krepšelis"
"For delivery questions.","Pristatymo klausimais."
"Your session has expired","Jūsų sesijos laikas baigėsi"
"A letter with further instructions will be sent to your email.","Laiškas su tolesnėmis instrukcijomis bus išsiųstas į jūsų elektroninio pašto adresą."
"You used coupon code ""%1"".","Panaudotas kupono kodas ""%1""."
"You canceled the coupon code.","Jūs atšaukėte kupono kodą."
"We cannot apply the coupon code.","Mes negalime pritaikyti kupono kodą."
Checkout,Pirkti
"Payment Method","Mokėjimo būdas"
" item"," prekė"
"You must confirm your account. Please check your email for the confirmation link or <a href=""%1"">click here</a> for a new link.","Turėsite aktyvuoti savo paskyrą. Jūsų el. paštu išsiuntėme laišką su aktyvavimo nuoroda. Jeigu jūs negavote laiško <a href=""%1""> paspaudę čia</a> išsiūsime naują."
"Load customer quote error","Įkelto kliento klaida"
Error!,Klaida!
"DB exception","Duomenų bazės klaida"
"Print receipt","Spausdinti kvitą"
"Apply Discount Code","Įvesk nuolaidos kodą"
"Enter discount code","Nuolaidos kodas"
"Apply Discount","Pritaikyti nuolaidą"
"Cancel Coupon","Atšaukti kuponą"
"Continue Shopping","Tęsti apsipirkimą"
"Clear Shopping Cart","Išvalyti krepšelį"
"Update Shopping Cart","Atnaujinti krepšelį"
"Update Cart","Atnaujinti krepšelį"
"You have no items in your shopping cart.","Jūs neturite prekių savo krepšelyje."
"Click <a href=""%1"">here</a> to continue shopping.","Spauskite <a href=""%1"">čia</a> norėdami tęsti apsipirkimą."
"Estimate Shipping and Tax","Įvertinti siuntimo išlaidas ir mokesčius"
"Order #","Užsakymo nr."
"Proceed to Checkout","Pradėti pirkimą"
"Your order number is: %1.","Jūsų užsakymo nr.: %1."
"Your order # is: <span>%1</span>.","Jūsų užsakymo nr.: <span>%1</span>."
"We'll email you an order confirmation with details and tracking info.","El. paštu gausite užsakymo patvirtinimą."
Total:,"Iš viso:"
"Shipping Address:","Pristatymo Adresas:"
"Shipping Method:","Pristatymo būdas:"
"Payment Method:","Mokėjimo būdas:"
"Sign In",Prisijungti
"Email Address","El. paštas"
"Forgot Your Password?","Pamiršote slaptažodį?"
"My billing and shipping address are the same","Mano pristatymo bei atsiskaitymo adresas yra tas pats"
Update,Atnaujinti
"Save in address book","Įrašyti adresų knygelėje"
"Estimated Total","Numatoma suma"
"You can create an account after checkout.","Jūs galėsite sukurtį paskyra po užsakymo."
"You already have an account with us. Sign in or continue as guest.","Jūs jau turite sąskaitą pas mus. Prisijunkite arba tęskite kaip svečias."
Login,Prisijungti
"See Details","Peržiūrėti detales"
"Cart Subtotal","Krepšelio tarpinė suma"
"You can track your order status by creating an account.","Savo užsakymo būseną galite sekti ir sukūrus savo paskyrą."
"Edit Your Cart","Redaguoti krepšelį"
"Ship Here","Siųsti čia"
"Ship To:",Gavėjas:
edit,redaguoti
"Order Summary","Užsakymo santrauka"
"View and Edit Cart","Peržiūrėti ir redaguoti krepšelį"
"Provided Zip/Postal Code seems to be invalid.","Jūsų įvesto pašto kodo struktūra netinkama."
" Example: "," Pavyzdys: "
"If you believe it is the right one you can ignore this notice.","Jei manote, kad įrašėte teisingai, galite ignoruoti šį pranešimą."
"New Address","Naujas adresas"
"Are you sure you would like to remove this item from the shopping cart?","Ar tikrai norite ištrinti šią prekę?"
"Review & Payments","Apmokėjimas & Patvirtinimas"
"Save Address","Išsaugoti adresą"
"Please specify a shipping method.","Pasirinkite siuntimo būdą."
"Order Total","Užsakymo suma"
"Shipping Address","Pristatymo Adresas"
"We'll send your order confirmation here.","Čia išsiųsime užsakymo patvirtinimą."
"Not yet calculated","Dar nepaskaičiuota"
"Thank you for your purchase!","Dėkojame už jūsų užsakymą!"
"Unable to save address. Please, check input data.","Nepavyko išsaugoti adreso. Patikrinkite įvestus duomenis."
"<a href=""%1"" onclick=""this.target='_blank'"" class=""print"">Print receipt</a>","<a href=""%1"" onclick=""this.target='_blank'"" class=""print""> Spausdinti kvitą</a>"
"Forgot Password","Pamiršau slaptažodį"
item,prekė
"Go to Checkout","Pereiti prie apmokėjimo"
"View and edit cart","Peržiūrėti ir redaguoti krepšelį"
"Shipping Methods","Pristatymo būdai"
"Select Method","Pasirinkite būdą"
"Method Title",Metodas
"Carrier Title",Vėžėjas
"Sorry, no quotes are available for this order at this time","Atsiprašome, šiam užsakymui šiuo metu nėra prieinamas joks pasirinkimas"
"Item in Cart","Prekė krepšelyje"
"Items in Cart","Prekės krepšelyje"
of,iš
"Terms and Conditions","Taisyklės ir Sąlygos"
"Checkout Conditions","Atsiskaitymo sąlygos"
"Checkout Terms and Conditions","Atsiskaitymo taisyklės ir sąlygos"
"Terms & Conditions","Taisyklės ir Sąlygos"
"Privacy and Cookie Policy","Privatumo ir slapukų politika"
"Email Address:","El. paštas:"
"First Name:",Vardas:
"Last Name:",Pavardė:
"Invalid login or password.","Neteisingas el. pašto adresas arba slaptažodis."
"Please select a region, state or province.","Prašome pasirinkti regioną, valstiją arba provinciją."
"Phone Number","Telefono numeris"
"You have no other address entries in your address book.","Jūsų adresų knygoje nėra kitų adresų įrašų."
Contacts,Kontaktai
"Create an Account","Sukurti paskyrą"
Comment,Komentaras
"My Orders","Mano užsakymai"
"Order # %1","Užsakymas #%1"
"This is a required field.","Tai yra privalomas laukas."
Date,Data
Add,Pridėti
Optional,Neprivaloma
"Some error","Kai kurios klaidos"
"Choose an Option...","Pasirinkti parinktį..."
save,išsaugoti
"Thanks for contacting us with your comments and questions. We'll respond to you very soon.","Dėkojame už užklausą. Mes jums atsakyme kaip galima greičiau."
"Name is missing","Trūksta vardo"
"Write Us","Parašykite mums"
"What’s on your mind?","Jūsų klausimas"
"Contact Form","Kontaktų Forma"
"Contact Us",Kontaktai
"Email Options","El. pašto parinktys"
Daily,Kasdien
Weekly,"Kas savaitę"
Monthly,"Kas mėnesį"
Yes/No,Taip/Ne
"You are subscribed to our newsletter.","Jūs esate užsiprenumeravę mūsų naujienlaiškį."
"You aren't subscribed to our newsletter.","Jūs nesate prisiregistravęs prie mūsų naujienlaiškio."
"You have not set a default shipping address.","Nenustatė pagrindinio pristatymo adreso."
"You have not set a default billing address.","Nenustatė pagrindinio atsiskaitymo adreso."
"Address Book","Mano Adresai"
"Edit Address","Redaguoti adresą"
"Add New Address","Pridėti naują adresą"
"Reset Password","Atstatyti slaptažodį"
Newsletter,Naujienlaiškis
"Customer Login","Vartotojo prisijungimas"
"Create New Customer Account","Kurti naują kliento paskyrą"
"Thank you for registering with %1.","Ačiū, kad užsiregistravote %1."
"Please make sure your passwords match.","Įsitikinkite ar jūsų slaptažodžiai sutampa."
"You saved the account information.","Jūs išsaugojote paskyros informaciją."
"Please enter your email.","Įveskite savo el. pašto adresą."
"If there is an account associated with %1 you will receive an email with a link to reset your password.","Jei sąskaita bus susijusiu %1, gausite el. laišką su nuoroda iš naujo nustatyti slaptažodį."
"You saved the address.","Adresas išsaugotas."
"Login successful.","Sėkmingai prisijungėte."
"Minimum of different classes of characters in password is %1. Classes of characters: Lower Case, Upper Case, Digits, Special Characters.","Slaptažodyje minimalus skirtingų tipų simbolių turi būti %1. Tipai simbolių: mažosios, didžiosio raidės, skaitmenys, specialūs simboliai."
"Password cannot be the same as email address.","Slaptažodis negali būti toks pat kaip elektroninio pašto adresą."
"VAT Number is valid.","PVM mokėtojo kodas yra teisingas."
"Please enter a valid VAT number.","Prašome įvesti tinkama PVM mokėtojo kodą."
"Thank you for registering with","Ačiū, kad užsiregistravote"
"Please enter new password.","Įveskite naują slaptažodį."
"Personal Information","Asmeninė informacija"
"Default Billing Address","Numatytasis atsiskaitymo adresas"
"Manage Addresses","Redaguoti adresus"
"Default Shipping Address","Pristatymo adresas"
"Contact Information","Kontaktinė informacija"
"Change Password","Keisti slaptažodį"
Newsletters,Naujienlaiškis
"You are subscribed to ""General Subscription"".","Jūs užsiprenumeravote ""Bendra Prenumerata""."
"Default Addresses",Adresai
"Change Billing Address","Keisti atsiskaitymo adresą"
"You have no default billing address in your address book.","Jūs neturi jokių priskirtų adresų."
"Change Shipping Address","Keisti pristatymo adresą"
"Additional Address Entries","Papildomi Adresai"
"Delete Address","Ištrinti adresą"
"Street Address %1","Adresas %1"
"It's a default billing address.","Tai yra pagrindinis atsiskaitymo adresas."
"Use as my default billing address","Naudoti kaip pagrindinį atsiskaitymo adresą"
"It's a default shipping address.","Tai yra pagrindinis pristatymo adresas."
"Use as my default shipping address","Naudoti kaip pagrindinį pristatymo adresą"
"Go back",Atgal
"Change Email","Keisti el.paštą"
"Change Email and Password","Keisti el. pašto adresą ir slaptažodį"
"Current Password","Dabartinis slaptažodis"
"Password Strength","Slaptažodžio sudėtingumas"
"No Password","Jokio slaptažodžio"
"Confirm New Password","Patvirtinti naują slaptažodį"
"Please enter your email address below to receive a password reset link.","Įveskite savo el. paštą, norėdami gauti slaptažodžio atstatymo nuorodą."
"Reset My Password","Atstatyti slaptažodį"
"Registered Customers","Registruotiems klientams"
"If you have an account, sign in with your email address.","Jeigu jau turite susikurę paskyrą, prisijunkite naudodami savo el. pašto adresą."
"Subscription option",Prenumeratos
"General Subscription","Bendra Prenumerata"
"Sign Up for Newsletter","Užsisakykite naujienlaiškį"
"Sign-in Information","Prisijungimo informacija"
"Confirm Password","Patvirtinkite slaptažodį"
"Set a New Password","Nustatyti naują slaptažodį"
"You have signed out and will go to our homepage in 5 seconds.","Išsiregistravote. Už 5 sekundžių būsite nukreipti į pradinį puslapį."
"Creating an account has many benefits: check out faster, keep more than one address, track orders and more.","Paskyros sukūrimas turi daug privalumų: greitesnis atsiskaitymas, galimybe įvesti daugiau nei vieną pristatymo adresą, sekti užsakymus ir dar daugiau."
Fax,Faksas
"Tax/VAT number","PVM mokėtojo kodas"
"Welcome to %store_name","Sveiki atvykę į %store_name"
Email:,"El. paštas:"
Password:,Slaptažodis:
"Forgot your account password? Click <a href=""%reset_url"">here</a> to reset it.","Pamiršote savo slaptažodį? Spustelėkite <a href=""%reset_url""> čia</a> norėdami jį atkurti."
"Confirm Your Account","Patvirtinkite savo paskyrą"
"Are you sure you want to delete this address?","Jūs įsitikinęs, kad norite ištrinti šį adresą?"
Weak,Silpnas
Medium,Vidutinis
Strong,Stiprus
"Always optional.","Visada neprivaloma."
"Billing Lastname","Mokėtojo pavardė"
"Account Dashboard","Paskyros skydelis"
"Edit Account Information","Redaguoti paskyros informaciją"
"Password forgotten","Pamirštas slaptažodis"
"My Dashboard","Valdymo skydelis"
"You are signed out",Atsijungėte
"You don't subscribe to our newsletter.","Jūs nesate užsiprenumeravę mūsų naujienlaiškio."
"Confirm your new password.","Patvirtinkite naują slaptažodį."
"Please enter the first name.","Prašome įvesti vardą."
"Please enter the last name.","Įveskite pavardę."
"Please enter the zip/postal code.","Įveskite pašto indeksą/kodą."
"Please enter a first name.","Prašome įvesti vardą."
"Please enter a last name.","Prašome įvesti pavardė."
"You subscribe to ""General Subscription"".","Jūs užsiprenumeravote ""Bendra Prenumerata""."
"You are signed out.",Atsijungėte.
"More information","Daugiau informacijos"
"Newsletter Subscription","Naujienlaiškio prenumerata"
"Order Status","Užsakymo būsena"
ordered,užsakyta
"Wish List","Pageidavimų sąrašas"
"Grand Total","Iš Viso"
Continue,Tęsti
"Zip/Postal Code is Optional for","Pašto kodas yra neprivalomas"
"My Downloadable Products","Mano Download'ai"
Pending,Laukiama
"View Order","Peržiūrėti užsakymą"
"You have not purchased any downloadable products yet.","Jūs nepirkote jokių download'ų dar."
"Thank you, %store_name","Ačiū, %store_name"
"Private Sales","Privatųs pardavimai"
"Order #%1.","Užsakymas #%1."
"Remove Item",Ištrinti
"Sharing Information","Dalinimosi informacija"
Short,Trumpas
"Please select a region, state or province","Prašome pasirinkti regioną, valstiją arba provinciją"
"Please enter at least 2 letters of the last name.","Prašome įvesti bent 2 raides pavardės."
"Please enter a valid email address.","Prašome įvesti galiojantį el. pašto adresą."
"Please enter the quantity of items to add to cart.","Įveskite prekių, kurias norite įtraukti į krepšelį, kiekį."
"Please enter the message.","Prašome įvesti žinutę."
"Please enter a valid email address(for example, daniel@x.com).","Prašome įvesti galiojantį el. pašto adresą (pvz., jonas@jonaitis.com)."
"Required Fields","Privalomi laukai"
"Search Options","Paieškos nustatymai"
"Search Results","Paieškos rezultatai"
"Search By","Ieškoti pagal"
Filter,Filtruoti
Processing,Vykdoma
"Shipping Method","Pristatymo būdas"
"No permissions requested","Jokių leidimų užklausų"
"Available APIs","Prieinami API"
"Resource Access","Resursų prieiga"
Resources,Resursai
"Integrations API Configuration","Integracijos API konfigūracija"
"Integrations API configuration file.","Integracijos API konfigūracijos failas."
Reorder,"Užsakyti iš naujo"
Print,Spausdinti
Partners,Partneriai
"Magento Marketplace","Magento prekyvietė"
"Platinum Partners","Platininiai partneriai"
"Featured Platinum Partners","Rekomenduojami platininiai partneriai"
"Partner search","Partnerių paieška"
"More Partners","Daugiau partnerių"
"Visit Magento Marketplaces","Apsilankykite Magento prekyvietę"
"Read More","Skaityti daugiau"
"Partner Page","Partnerių puslapis"
"No partners were found","Nerasta jokių partnerių"
Wishlist,"Pageidavimų sąrašas"
"My Wish Lists","Mano norų sąrašas"
"1 item in wish list","1 prekė pageidavimų sąraše"
"%1 items in wish list","%1 prekės pageidavimų sąraše"
"We can't add the item to shopping cart.","Negalime pridėti šios prekės į jūsų krepšelį."
"Product(s) %1 have required options. Each product can only be added individually.","%1 Produktas(ai) turi privalomus pasirinkimus. Kiekvienas produktas gali būti pridėtas tik individualiai."
"%1 product(s) have been added to shopping cart: %2.","%1 produktas(-ų) buvo pridėta į pirkinių krepšelį: %2."
"%1's Wish List","%1's pageidavimų sąrašas"
"You must select items to add to the cart.","Turite pasirinkti prekes, kurias norite pridėti į krepšelį."
"Copy to Wish List","Kopijuoti į pageidavimų sąrašą"
"Move Selected to Wish List","Perkelti pasirinkimus į pageidavimų sąrašą"
"Copy Selected to Wish List","Kopijuoti pasirinkimus į pageidavimų sąrašą"
"My Wish Lists Link","Mano norų sąrašo nuoroda"
"Please specify a payment method.","Pasirinkite apmokėjimo būdą."
"Enter a New Address","Įveskite naują adresą"
"Edit Items","Redaguoti elementus"
"Shipping To",Pristatymas
"Order Review","Užsakymo peržiūra"
"Grand Total:","Iš Viso:"
"Select Shipping Method","Pasirinkite pristatymo būdą"
"Your order number is: ","Jūsų užsakymo nr.:"
"Ship to:",Gavėjas:
"Subtotal (Incl. Tax)","Iš viso (su PVM)"
"Subtotal (Excl. Tax)","Tarpinė suma (be mokesčių)"
"Shipping & Handling","Pristatymas ir Paruošimas"
Qty:,Kiekis:
"Thank you,","Ačiū,"
"Cancel coupon","Atšaukti kuponą"
"We saved the subscription.","Išsaugota prenumerata."
"We removed the subscription.","Pašalinome prenumeratą."
"Thank you for your subscription.","Sėkmingai užprenumeravote naujienlaiškį."
Cancelled,Atšauktas
"Newsletter Message Preview","Naujienlaiškio pranešimo peržiūra"
"Sign Up for Our Newsletter:","Užsisakykite naujienlaiškį:"
"Enter your email address","Įveskite savo el.pašto adresą"
Subscribe,Prenumeruoti
"You have been successfully subscribed to our newsletter.","Jūs sėkmingai užsiprenumeravote mūsų naujienlaiškį."
"You have been unsubscribed from the newsletter.","Jūs buvote ištrintas iš mūsų naujienlaiškio."
Subscriber,Prenumeratorius
"Customer First Name","Kliento vardas"
"Customer Last Name","Kliento pavardė"
Subscribed,Prenumeruojamas
"Newsletter Subscriptions","Naujienlaiškių prenumeratos"
"Bank Transfer Payment","Banko pavedimu"
"Cash On Delivery Payment","Grynais pinigais pristatymo metu"
"Free Shipping","Nemokamas pristatymas"
Help,Pagalba
here,čia
"Ship To",Gavėjas
"Continue to PayPal","Tęsti su PayPal"
"Home Page","Pradinis puslapis"
"Remember Me","Prisiminti mane"
"Check 'Remember Me' to access your shopping cart on this computer even if you are not signed in.","Pažymėti ""prisiminti mane"", kad galėtumėt prieiti prie jūsų pirkinių krepšelio šiame kompiuteryje, net jei jūs neprisijungęs prie savo sąskaitos."
Price:,Kaina:
"Unable to save address. Please check input data.","Nepavyko išsaugoti adreso. Patikrinkite įvestus duomenis."
"Coupon code is not valid","Kupono kodas negalioja"
"This shipping method is not available. To use this shipping method, please contact us.","Šis pristatymo būdas neprieinamas. Jei norite pasinaudoti šiuo pristatymo būdą, prašome susisiekti su mumis."
subtotal,"tarpinė suma"
"grand total","iš viso"
Detail,Išsamiau
Review,Atsiliepimas
Reviews,Atsiliepimai
"Search Terms","Paieškos terminai"
"Edit item","Redaguoti elementą"
Nickname,Slapyvardis
"Reviews %1","Atsiliepimai %1"
"My Product Reviews","Mano produktų apžvalgos"
"Please enter a nickname.","Prašome įvesti slapyvardį."
"You have submitted no reviews.","Jūs nepateikėte atsiliepimų."
"View All","Peržiūrėti visus"
"Be the first to review this product","Būkite pirmas palikęs atsiliepimą"
"Write Your Own Review","Parašykite savo atsiliepimą"
"You're reviewing:","Jūsų Atsiliepimas apie:"
"Submit Review","Pridėti Atsiliepimą"
"Review by","Peržiūrėti pagal"
"Order # ","Užsakymo nr."
"Ordered: ","Užsakyta: "
"Track this shipment","Sekti šią siuntą"
Invoices,Sąskaitos
"Items Ordered","Užsakytos prekės"
"Last Ordered Items","Paskutinės užsakytos prekės"
"Order History","Užsakymų istorija"
"Order Information","Užsakymo informacija"
"Order Shipments","Užsakymo siuntimai"
"Discount (%1)","Nuolaida (%1)"
"Back to My Orders","Atgal į mano užsakymus"
"View Another Order","Žiūrėti kitą užsakymą"
"""%1"" coupon code is not valid.","""%1"" kupono kodas negalioja."
"Orders and Returns","Užsakymai ir Grąžinimai"
"You entered incorrect data. Please try again.","Įvedėte neteisingus duomenis. Bandykite dar kartą."
"Shipping Address: ","Pristatymo Adresas: "
"Billing Address: ","Atsiskaitymo Adresas: "
"Order Date: ","Užsakymo data: "
"Sold to:","Jūsų informacija:"
"Invoice # ","Sąskaita # "
"Total Tax","Iš viso mokesčių"
"Order Date","Užsakymo data"
"Order Date (%1)","Užsakymo data (%1)"
"Shipped By","Išsiųsta su"
"Tracking Number","Sekimo numeris"
"Billing Last Name","Mokėtojo pavardė"
"Find Order By","Rasti užsakymą pagal"
"ZIP Code","Pašto kodas"
"Billing ZIP Code","Mokėtojo pašto kodas"
"You have placed no orders.","Jūs nepateikėte užsakymų."
"Print Order","Spausdinti užsakymą"
"Print All Invoices","Spausdinti visas sąskaitas"
"Invoice #","Sąskaita #"
"Print Invoice","Spausdinti sąskaitą"
"About Your Order","Apie jūsų užsakymą"
"<span class=""label"">Order Date:</span> %1","<span class=""label"">Užsakymo data:</span> %1"
"Shipment #%1","Siunta #%1"
"Recent Orders","Naujausi užsakymai"
"Recently Ordered","Neseniai Užsakyta"
"Thank you for your order from %store_name.","Dėkojame už jūsų užsakymą iš %store_name."
"Billing Info","Atsiskaitymo informacija"
"Shipping Info","Pristatymo informacija"
"Subtotal after discount","Tarpinė suma po nuolaidos"
"Orders and Returns Search Form","Užsakymų ir Grąžinimų paieškos forma"
"ZIP/Post Code","Pašto kodas"
"Invoice Date","Sąskaitos-faktūros data"
"Total Quantity","Bendras kiekis"
"Print Invoices","Spausdinti sąskaitas"
"total quantity","bendras kiekis"
"total amount","bendra suma"
"Your coupon was successfully removed.","Kuponas sėkmingai ištrintas."
"Your coupon was successfully applied.","Kuponas sėkmingai pritaikytas."
"Continue Processing","Tęsti apdorojimą"
"Search Term","Paieškos terminas"
"Save Search","Išsaugoti paiešką"
"Delete Search","Ištrinti paiešką"
"New Search","Nauja paieška"
"Edit Search","Redaguoti paiešką"
"There are no search terms available.","Nėra jokių paieškos terminų."
yes,taip
"Please enter a message.","Prašome įvesti žinutę."
"This shipping method is not available. Please specify the zip code.","Šis pristatymo būdas nėra prieinamas. Prašome nurodyti pašto kodą."
Contents,Turinys
"Print All Shipments","Spausdinti visas siuntas"
"Shipment #","Siunta #"
"Print Shipment","Spausdinti siuntas"
"Tracking Number(s):","Sekimo numeris(-iai):"
"Tracking Number:","Sekimo numeris:"
"contact us",kontaktai
"Track your order","Sekti užsakymą"
"Zip/Post Code","Pašto kodas"
"Grand Total (Excl.Tax)","Suma (Atsk.Mok.)"
"Grand Total (Incl.Tax)",Suma
"Maximum zip code length is 9.","Didžiausias pašto kodas ilgis yra 9."
"Use digits only for the zip code.","Pašto kode naudokite tik skaitmenis"
"Save and Continue","Išsaugoti ir tęsti"
"Items %1 to %2 of %3 total","%1 - %2 iš %3"
"%1 Item(s)","%1 Įrašas(-ai)"
Menu,Meniu
Account,Paskyra
"Search by keyword","Ieškoti pagal raktažodį"
Keyword,Raktažodis
"Your ZIP-code must be in the range 902xx-xxxx to 905-xx-xxxx","Jūsų pašto kodą turi būti tarp 902xx-xxxx ir 905-xx-xxxx"
"Please select an option.","Prašome pažymėti pasirinkimą."
"Please enter a valid email address (Ex: johndoe@domain.com).","Prašome įvesti galiojantį el. pašto adresą (pvz: jonas@jonaitis.com)."
"Minimum length of this field must be equal or greater than %1 symbols. Leading and trailing spaces will be ignored.","Minimaliausias ilgis šiame lauke turi būti lygus arba didesnis nei %1 simboliai."
"Please enter a valid zip code (Ex: 90602 or 90602-1234).","Prašome įvesti galiojantį pašto kodą (pvz: 90602 arba 90602-1234)."
"Please enter a valid zip code.","Prašome įvesti galiojantį pašto kodą."
"Please enter valid email addresses, separated by commas. For example, johndoe@domain.com, johnsmith@domain.com.","Prašome įvesti galiojantį el. pašto adresus, atskirdami juos kableliais. Pvz., jonas@jonaitis.com, petras@petraitis.com."
"First Name is a required field.","Vardas yra būtinas laukas."
"Last Name is a required field.","Pavardė yra būtinas laukas."
"Password is required field.","Slaptažodio laukas yra būtinas."
"Password Help","Slaptažodžio pagalba"
"Email address","El. paštas"
"Forgot your password?","Pamiršote slaptažodį?"
"Reset a Password","Atstatyti slaptažodį"
"Password Change","Slaptažodžio keitimas"
"Stored Payment Methods","Mano mokėjimo būdai"
"You have no stored payment methods.","Jūs neturite išsaugoję jokio mokėjimo būdo."
Next/Previous,Kitas/ankstesnis
"SKU: Ascending","Prekės kodas: didėjimo tvarka"
"SKU: Descending","Prekės kodas: mažėjimo tvarka"
"Total Incl. Tax","Iš viso (su PVM)"
description,aprašymas
"Wish List Sharing","Dalintis pageidavimų sąrašu"
"My Wish List","Mano norų sąrašas"
"%1 has been moved to your wish list.","%1 buvo perkelta(-as) į jūsų norų sąrašą."
"Your wish list has been shared.","Jūsų norų sąrašu buvo pasidalyta."
"Share Wish List","Dalintis norų sąrašu"
"Add All to Cart","Viską į krepšelį"
"Update Wish List","Atnaujinti norų sąrašą"
"Move to Wishlist","Perkelti į norų sąrašą"
"%1 has been added to your Wish List.","%1 buvo pridėta į jūsų pageidavimų sąrašą."
"Email addresses, separated by commas","Įvesti kelis el. pašto adresus, atskirkite juos kableliais"
"Check here to link an RSS feed to your Wish List.","Pažymėkite čia norėdami susieti RSS kanalą su savo norų sąrašu."
"You have no items in your wish list.","Jūs neturite prekių savo norų sąraše."
"My Wish List Link","Mano norų sąrašo nuoroda"
"10 by default. Max - 10000","Numatytoji vertė - 10. Daugiausia - 10000"
"255 by default","Numatytoji vertė - 255"
"Please click ","Spauskite "
Worldpay,WorldPay
"Payment was canceled.","Mokėjimas buvo atšauktas."
"continue shopping","tęsti apsipirkimą"
"Quick Checkout","Greitas užsakymas"
"About Us","Apie mus"
"Please enter valid SKU key.","Prašome įvesti galiojantį prekės kodą."
"Please enter the same value again.","Prašome vėl įvesti tą pačią vertę."
